Model,Accuracy_Train,Accuracy_Test,Precision_Test,Recall_Test,F1_Score_Test
Random Forest,1.0,0.7916666666666666,0.7928934536777675,0.7916666666666666,0.7896700370770698
SVM,0.7473958333333334,0.6875,0.6950763403953131,0.6875,0.6872994127590709
KNN,0.7161458333333334,0.609375,0.6317460317460317,0.609375,0.6089317225464911
