Model,Accuracy_Train,Accuracy_Test,Precision_Test,Recall_Test,F1_Score_Test
Random Forest,1.0,0.96875,0.9688250407000408,0.96875,0.9687484104457873
SVM,0.8645833333333334,0.84375,0.842170761842893,0.84375,0.8427223216060424
KNN,0.7981770833333334,0.8020833333333334,0.8053597679168455,0.8020833333333334,0.8007669780037281
