Model,Accuracy_Train,Accuracy_Test,Precision_Test,Recall_Test,F1_Score_Test
Random Forest,1.0,0.9739583333333334,0.9741059791463017,0.9739583333333334,0.9738731176231177
SVM,0.8854166666666666,0.84375,0.844452183783505,0.84375,0.8420769514970873
KNN,0.8515625,0.7552083333333334,0.7684762920596527,0.7552083333333334,0.7496685663769161
