Model,Accuracy_Train,Accuracy_Test,Precision_Test,Recall_Test,F1_Score_Test
Random Forest,1.0,0.9739583333333334,0.9738731176231177,0.9739583333333334,0.9738759944251155
SVM,0.8893229166666666,0.84375,0.8442638598663675,0.84375,0.8419895312680464
KNN,0.8541666666666666,0.7708333333333334,0.7818521264036461,0.7708333333333334,0.7664547028461403
